SDFB Relationship ID,Person 1 ID,Person 2 ID,Original Confidence,Maximum Confidence
100200001,10011673,10010388,100,100
100200006,10050002,10006423,100,100
100200007,10050002,10002650,85,85
100200008,10006423,10009206,95,95
100200020,10050007,10050008,100,100
100200015,10002021,10011091,80,80
100200022,10050015,10012353,100,100
100200037,10050035,10001681,81,86
100200050,10050041,10000483,85,85
100200046,10002284,10002285,50,75
100200045,10050026,10010068,88,97
100200049,10050040,10000188,77,77
100200048,10050039,10002912,75,80
100200058,10050045,10004809,91,93
100200069,10050050,10006627,100,100
100200055,10050043,10006246,81,81
100200062,10003469,10011428,90,90
100200067,10050048,10006627,83,90
100200057,10050044,10004806,90,94
100200053,10050043,10006279,93,93
100200074,10050053,10050040,72,72
100200056,10050044,10004809,95,100
100200060,10006249,10002253,82,82
100200059,10006249,10006279,92,100
100200064,10050046,10012117,47,76
100200054,10050043,10002253,87,87
100200066,10008130,10002249,64,67
100200070,10050051,10003665,75,75
100200071,10050052,10003665,84,84
100200073,10050053,10000188,78,95
100200068,10050049,10006627,95,100
100200035,10012976,10012977,14,14
100200065,10002249,10013271,83,91
100200079,10050030,10050032,95,100
100200114,10050091,10001922,100,100
100200113,10050091,10001924,100,100
100200026,10050019,10004275,94,97
100200080,10001605,10012117,90,90
100200088,10050043,10002249,96,96
100200089,10050043,10006275,50,50
100200092,10050065,10050030,87,91
100200096,10050075,10000541,84,92
100200097,10050072,10010226,59,67
100200093,10050065,10050032,85,92
100200094,10050065,10010937,93,95
100200095,10050065,10005658,100,100
100200101,10050077,10012117,80,82
100200112,10050091,10000068,100,100
100200105,10050044,10050045,92,92
100200099,10050076,10011776,85,86
100200109,10050088,10001223,82,75
100200102,10050078,10011943,80,81
100200104,10050078,10012946,78,92
100200111,10050090,10008309,100,100
100200110,10050089,10008309,100,100
100200117,10050093,10008812,100,100
100200125,10050099,10009754,76,76
100200116,10050093,10050092,100,100
100200119,10050095,10007673,88,88
100200123,10050096,10005525,82,85
100200129,10003644,10011093,100,100
100200115,10050092,10008812,100,100
100200120,10050096,10000163,87,87
100200134,10011784,10010166,50,50
100200135,10050143,10009351,100,100
100200133,10010166,10050143,70,70
100200118,10011670,10003711,50,50
100200132,10050142,10007497,100,100
100200130,10050141,10008309,100,100
100200718,10005781,10006784,100,100
100200728,10011101,10011103,100,100
100200141,10050149,10009755,100,100
100200138,10050146,10009755,100,100
100200143,10050151,10009755,100,100
100200142,10050150,10009755,100,100
100200139,10050147,10009755,100,100
100200140,10050148,10009755,100,100
100200144,10050150,10000767,100,100
100200145,10050150,10050146,100,100
100200146,10050150,10050147,100,100
100200147,10050150,10050148,100,100
100200136,10009755,10009752,100,100
100200151,10050151,10050149,100,100
100200150,10050150,10009752,100,100
100200149,10050150,10050151,100,100
100200148,10050150,10050149,100,100
100200131,10009244,10050141,100,100
100200137,10009755,10000767,100,100
100200152,10050151,10050148,100,100
100200156,10050151,10009752,100,100
100200157,10050149,10050147,100,100
100200154,10050153,10003058,100,100
100200158,10050154,10004223,100,100
100200159,10050155,10002982,80,80
100200160,10050156,10004223,100,100
100200161,10004225,10004223,100,100
100200162,10004225,10004222,100,100
100200163,10050154,10004222,100,100
100200165,10050154,10013056,93,93
100200164,10050154,10050155,100,100
100200155,10050153,10003060,100,100
100200181,10050158,10003267,82,87
100200179,10050158,10005828,100,100
100200178,10050157,10050154,100,100
100200174,10050157,10050156,100,100
100200172,10004225,10050156,100,100
100200171,10050154,10050156,100,100
100200169,10050155,10050156,50,100
100200168,10050155,10004225,100,100
100200166,10050155,10004223,100,100
100200180,10050158,10003577,78,78
100200177,10050157,10004222,100,100
100200176,10050157,10004223,100,100
100200175,10050157,10004225,100,100
100200173,10050157,10050155,100,100
100200170,10050156,10004222,100,100
100200167,10050155,10004222,100,100
100200000,10050000,10009222,100,100
100200030,10050022,10003339,98,100
100200003,10050001,10005616,100,100
100200004,10050001,10005337,100,100
100200005,10050001,10009503,100,100
100200009,10050003,10004933,100,100
100200013,10002912,10012020,83,83
100200014,10002021,10012122,60,60
100200010,10050003,10004046,100,100
100200031,10012115,10005504,77,88
100200034,10050025,10000012,50,82
100200002,10008070,10010872,85,100
100200033,10050024,10000012,70,79
100200041,10050032,10010937,98,98
100200047,10002284,10008514,69,75
100200182,10050146,10050149,100,100
100200190,10003389,10005786,100,100
100200063,10002071,10012117,37,40
100200121,10050096,10005256,30,50
100200019,10050007,10012121,100,100
100200086,10050030,10005658,100,100
100200081,10001605,10009558,81,81
100200078,10050056,10010604,92,93
100200100,10050077,10011776,94,94
100200122,10050097,10010928,86,86
100200106,10050082,10003555,85,85
100200011,10009133,10003311,80,80
100200017,10003469,10003470,93,100
100200018,10050006,10009754,100,100
100200024,10050017,10011433,80,80
100200038,10050036,10003171,64,80
100200103,10050078,10007028,69,72
100200023,10050015,10011671,100,100
100200188,10008272,10002430,100,100
100200189,10005908,10002431,100,100
100200185,10050159,10011528,100,100
100200184,10050159,10005616,100,100
100200183,10050159,10008309,100,100
100200186,10050159,10012251,100,100
100200072,10050053,10008382,76,76
100200191,10002755,10002758,100,100
100200196,10010259,10003655,100,100
100200192,10011764,10011763,100,100
100200193,10005740,10005362,92,92
100200194,10005740,10005361,100,100
100200187,10050159,10010259,100,100
100200198,10050160,10002249,100,100
100200197,10050160,10002023,100,100
100200200,10050160,10012817,100,100
100200201,10050160,10006438,100,100
100200199,10050160,10006720,100,100
100200206,10050160,10004773,100,100
100200203,10050088,10005362,100,100
100200205,10050160,10002230,100,100
100200204,10050160,10009549,100,100
100200207,10050160,10010523,100,100
100200208,10050162,10013073,94,94
100200209,10050163,10013073,92,100
100200211,10050164,10012731,100,100
100200218,10001599,10006477,100,100
100200217,10000436,10002881,100,100
100200213,10009594,10005362,100,100
100200214,10050091,10005362,100,100
100200215,10001419,10003927,100,100
100200216,10050165,10009351,100,90
100200212,10009594,10000473,100,100
100200231,10050173,10000473,100,100
100200195,10050091,10000473,100,100
100200012,10005658,10010937,100,100
100200016,10008612,10011619,89,89
100200219,10050167,10005326,100,100
100200220,10010461,10011670,60,60
100200222,10011791,10012117,93,93
100200221,10003048,10009549,100,100
100200228,10000898,10012962,100,100
100200733,10054852,10054851,100,100
100200227,10000898,10010128,75,75
100200224,10000898,10006906,100,100
100200230,10000898,10050172,100,100
100200233,10050175,10007087,100,100
100200225,10050171,10050170,100,100
100200226,10000898,10050171,100,100
100200229,10050172,10012000,100,100
100200232,10003904,10001705,100,100
100200234,10009594,10050173,100,100
100200239,10050173,10050176,100,100
100200235,10050177,10050093,100,100
100200241,10000010,10004072,100,100
100200240,10050007,10012119,95,95
100200236,10050179,10009351,98,98
100200237,10050004,10000691,100,100
100200244,10000010,10013268,87,87
100200243,10009373,10009372,97,97
100200242,10000010,10000597,97,97
100200257,10050173,10008759,100,100
100200246,10004478,10004483,85,85
100200247,10011673,10008541,95,95
100200248,10002086,10008090,80,80
100200255,10050189,10012416,99,100
100200269,10050191,10009549,100,100
100200256,10010937,10010936,95,95
100200267,10011177,10009549,100,100
100200266,10009216,10003048,100,100
100200258,10050173,10008761,100,100
100200254,10012121,10011791,50,95
100200261,10005409,10003048,100,100
100200259,10013015,10050183,100,100
100200251,10050187,10006686,60,50
100200268,10050193,10009549,100,100
100200252,10008763,10009359,84,84
100200253,10050188,10005658,95,95
100200262,10006565,10003048,100,100
100200263,10000833,10003048,100,100
100200264,10011663,10003048,100,100
100200265,10050173,10005362,50,100
100200270,10050191,10050193,100,100
100200271,10050191,10011177,78,78
100200272,10050173,10001904,100,100
100200277,10011776,10006237,60,60
100200273,10050173,10009719,100,100
100200276,10006237,10005208,60,100
100200274,10050173,10000475,100,100
100200275,10007542,10009549,60,80
100200278,10006237,10005836,60,100
100200280,10007193,10003300,75,75
100200281,10007193,10002153,60,50
100200282,10007193,10011710,50,50
100200287,10007193,10006686,78,78
100200283,10007193,10001001,50,50
100200284,10007193,10008140,50,50
100200285,10007193,10004878,50,50
100200286,10007193,10004449,50,50
100200290,10050195,10007316,87,87
100200294,10001697,10005569,100,100
100200279,10012817,10007193,80,80
100200289,10001697,10005363,100,100
100200288,10007146,10000758,100,100
100200296,10050199,10005646,100,100
100200298,10009222,10008721,100,100
100200291,10001697,10012793,60,100
100200293,10050197,10011452,100,100
100200300,10050204,10006477,100,100
100200295,10050198,10011452,100,100
100200311,10050205,10002791,100,100
100200297,10050200,10003033,100,100
100200292,10050195,10010523,69,69
100200301,10006012,10005616,95,100
100200303,10050205,10008365,100,100
100200307,10050205,10000254,100,100
100200308,10050205,10008340,100,100
100200309,10008356,10007541,100,100
100200310,10001599,10012253,100,100
100200304,10050205,10008341,100,100
100200302,10006412,10001255,100,100
100200306,10050205,10011974,100,100
100200305,10050205,10002803,100,100
100200314,10050192,10050191,100,100
100200313,10008317,10050191,100,100
100200312,10004568,10011673,100,100
100200317,10050209,10011469,100,100
100200319,10011658,10002153,100,100
100200320,10050210,10001599,100,100
100200316,10050208,10010651,100,100
100200315,10050208,10002366,50,50
100200318,10050209,10010937,40,40
100200321,10011409,10003061,85,85
100200322,10008308,10008309,96,100
100200323,10050160,10003822,100,100
100200324,10008872,10003822,100,100
100200325,10006199,10005483,100,100
100200327,10011071,10001610,100,100
100200326,10006199,10005362,100,100
100200329,10050091,10002249,100,100
100200328,10007572,10050091,100,100
100200153,10050153,10012887,100,100
100200032,10050023,10000012,100,100
100200052,10002248,10002249,84,100
100200061,10050046,10002071,91,91
100200330,10012117,10009043,50,100
100200331,10050211,10008287,100,100
100200332,10050211,10008284,100,100
100200339,10006697,10003112,100,100
100200334,10050211,10012492,100,100
100200335,10050211,10008285,100,100
100200337,10006697,10003058,60,60
100200336,10050212,10000270,100,100
100200333,10000473,10013300,0,0
100200338,10006697,10005616,100,100
100200342,10006697,10013088,100,100
100200351,10050213,10012306,83,83
100200355,10050216,10003577,100,100
100200356,10050216,10005904,100,100
100200358,10001534,10009592,60,60
100200340,10006697,10003801,100,100
100200353,10050214,10002072,90,91
100200343,10001417,10001416,100,100
100200341,10006697,10000832,100,100
100200344,10006697,10009626,100,100
100200347,10006923,10003797,100,100
100200348,10006935,10003797,100,100
100200349,10006923,10006918,100,100
100200346,10006697,10005337,100,100
100200345,10006697,10001210,100,100
100200352,10012304,10003372,84,84
100200350,10012306,10003372,90,91
100200354,10050215,10012781,70,77
100200367,10013301,10011673,100,100
100200368,10050218,10011673,100,100
100200369,10050218,10013279,60,100
100200370,10050218,10013301,100,100
100200371,10013287,10013288,100,100
100200087,10050030,10010937,90,92
100200372,10054684,10008309,80,80
100200376,10050218,10003801,100,100
100200373,10011673,10011681,100,100
100200380,10013301,10011974,100,100
100200374,10011673,10013271,100,100
100200375,10013291,10011673,100,100
100200377,10050218,10003797,50,50
100200357,10003797,10012226,80,80
100200378,10003797,10011673,80,80
100200379,10003797,10013301,80,80
100200382,10050603,10009795,100,100
100200381,10052083,10007146,100,100
100200383,10007146,10002546,100,100
100200384,10012020,10050004,80,100
100200388,10001023,10052083,60,60
100200389,10008701,10008390,100,100
100200385,10011090,10050012,100,100
100200387,10051659,10013288,100,100
100200391,10008701,10000959,95,95
100200390,10005652,10012492,100,100
100200386,10001024,10052083,60,60
100200392,10005652,10006431,100,100
100200393,10051933,10007650,100,100
100200404,10007655,10051826,60,60
100200396,10054696,10051826,60,60
100200402,10051486,10051826,65,65
100200403,10054700,10007650,100,100
100200443,10051024,10005217,81,81
100200394,10052081,10001023,60,60
100200433,10005652,10003735,100,100
100200399,10054692,10011177,89,89
100200401,10054699,10013287,100,100
100200395,10013172,10052160,60,100
100200417,10051024,10011148,100,100
100200422,10051666,10000037,60,60
100200424,10051666,10054712,60,60
100200410,10054706,10007655,60,60
100200409,10054704,10051933,80,96
100200411,10054705,10013287,100,100
100200492,10003743,10011467,100,100
100200456,10003743,10003385,100,100
100200437,10005652,10003743,100,100
100200477,10054687,10007146,100,100
100200435,10005652,10011090,100,100
100200440,10054718,10010508,100,100
100200426,10008339,10054708,86,100
100200434,10051933,10054700,100,100
100200483,10003743,10004642,100,100
100200579,10054795,10051882,100,100
100200593,10051060,10003061,100,100
100200405,10051829,10051540,100,100
100200408,10051829,10002357,49,49
100200407,10013172,10005201,60,60
100200412,10005652,10005167,72,72
100200413,10054706,10051826,60,60
100200649,10054815,10001952,100,100
100200418,10054709,10011177,27,27
100200416,10054708,10011177,29,60
100200427,10009219,10009663,90,90
100200449,10051933,10012117,60,60
100200468,10054736,10011177,100,100
100200505,10008401,10054726,82,82
100200444,10054719,10011177,45,45
100200429,10054713,10051666,60,100
100200478,10054738,10011177,100,50
100200480,10003743,10050944,100,100
100200474,10054742,10054731,60,60
100200446,10054724,10051666,80,80
100200430,10006020,10051659,100,100
100200469,10054701,10054703,80,90
100200476,10054741,10009342,60,60
100200450,10054720,10011346,100,100
100200470,10054735,10011177,43,43
100200406,10002223,10054698,73,73
100200432,10054714,10012008,60,100
100200423,10054710,10051933,85,85
100200431,10005652,10052144,79,79
100200490,10050941,10000268,60,96
100200495,10050941,10011304,60,78
100200447,10054723,10011177,70,32
100200497,10003743,10009246,100,100
100200451,10051024,10010927,100,100
100200461,10003743,10009351,100,100
100200494,10054750,10011177,60,50
100200464,10003743,10051760,100,100
100200503,10054756,10011177,60,60
100200471,10052030,10010927,90,100
100200510,10054761,10012117,100,100
100200457,10054726,10009663,92,92
100200465,10054733,10009663,92,93
100200462,10054730,10007146,100,100
100200584,10051882,10012117,100,100
100200414,10004789,10054707,60,60
100200484,10054747,10011177,80,28
100200420,10005652,10012848,100,100
100200397,10051980,10054691,75,82
100200415,10052301,10008574,60,60
100200398,10050994,10050625,60,60
100200419,10052160,10011093,81,83
100200428,10011677,10010385,60,60
100200479,10051756,10054745,60,100
100200425,10005652,10052235,88,100
100200439,10054716,10011177,22,22
100200455,10054727,10011177,100,100
100200458,10000365,10011177,85,60
100200485,10054748,10054743,100,100
100200504,10054758,10012982,100,100
100200438,10054717,10011414,85,100
100200499,10054752,10011177,65,65
100200441,10009663,10007192,100,100
100200467,10054737,10054731,100,100
100200463,10051032,10052030,60,82
100200421,10007146,10050214,80,81
100200481,10054721,10013173,100,100
100200466,10054732,10012675,100,100
100200493,10050941,10051962,60,92
100200445,10013172,10013271,81,87
100200491,10012194,10009663,80,80
100200487,10012945,10011177,100,100
100200472,10003743,10006625,100,100
100200475,10054743,10004101,100,100
100200442,10054717,10011410,75,81
100200514,10054743,10054755,100,100
100200488,10050495,10054739,93,98
100200512,10054764,10011177,40,40
100200496,10003743,10051324,100,100
100200521,10054765,10012482,60,80
100200509,10051800,10008193,100,100
100200530,10054774,10054761,100,100
100200436,10051666,10050995,82,86
100200520,10054765,10012481,60,60
100200453,10054726,10000407,85,85
100200459,10051816,10009835,91,100
100200523,10002448,10011177,60,60
100200540,10051215,10001185,100,100
100200486,10054746,10004377,95,96
100200533,10054779,10011177,48,48
100200528,10052342,10002223,100,100
100200511,10054763,10000336,100,100
100200538,10002549,10052138,100,100
100200513,10054762,10011906,100,100
100200502,10054730,10050214,80,80
100200508,10054757,10003750,100,100
100200519,10011359,10008309,80,80
100200558,10054789,10000931,100,100
100200541,10052138,10002554,60,100
100200548,10054784,10051157,100,100
100200557,10051004,10052119,60,100
100200555,10052274,10007373,100,100
100200554,10054774,10002250,100,100
100200565,10051908,10006266,100,100
100200574,10051617,10006281,100,100
100200535,10054761,10013172,100,100
100200500,10054754,10054746,88,92
100200516,10003903,10002223,100,100
100200515,10054687,10000758,60,100
100200525,10054775,10052142,100,100
100200527,10052142,10051742,100,100
100200524,10006438,10002223,74,74
100200529,10008397,10011177,30,30
100200532,10052135,10013288,60,60
100200534,10054780,10052138,100,100
100200544,10054783,10011177,28,28
100200536,10051024,10010924,99,99
100200553,10052002,10006240,100,100
100200537,10006252,10011177,60,60
100200560,10054789,10002957,100,100
100200545,10051157,10011148,60,60
100200546,10052119,10013288,60,60
100200550,10054786,10052274,100,100
100200551,10054782,10052135,100,100
100200542,10007146,10011667,60,100
100200570,10051511,10050995,100,100
100200571,10051511,10006239,100,100
100200569,10006266,10054794,100,100
100200576,10051511,10006281,60,100
100200460,10009351,10052030,96,100
100200473,10011359,10007192,100,100
100200562,10054791,10006266,100,100
100200506,10054759,10051770,60,97
100200552,10052274,10052002,100,100
100200518,10054760,10001841,60,80
100200517,10054767,10011177,60,60
100200522,10054772,10009663,100,100
100200526,10054760,10054765,60,80
100200531,10054778,10052001,100,100
100200543,10051157,10006276,100,100
100200547,10054782,10013288,60,60
100200561,10054789,10002961,100,100
100200539,10052119,10052135,100,100
100200563,10054789,10000928,100,100
100200564,10051908,10006278,100,100
100200568,10054794,10010605,100,100
100200572,10051617,10051511,99,100
100200549,10054782,10052119,100,100
100200573,10010840,10013288,100,100
100200566,10054793,10011177,22,22
100200567,10002223,10054773,74,100
100200577,10010840,10006237,60,60
100200575,10002223,10054787,100,100
100200630,10052304,10011681,100,100
100200609,10051564,10050392,100,100
100200632,10051582,10011467,100,100
100200633,10001243,10051582,100,100
100200582,10002223,10054792,100,100
100200589,10051576,10010924,100,100
100200592,10052073,10006281,100,100
100200454,10013172,10054721,100,100
100200613,10052393,10007032,100,100
100200615,10054803,10007032,100,100
100200616,10051482,10013179,100,100
100200617,10052393,10012279,100,100
100200628,10051582,10051617,100,100
100200644,10054812,10006892,50,50
100200647,10008788,10054767,100,100
100200646,10054727,10054736,100,100
100200559,10008079,10010508,62,85
100200581,10004533,10051882,100,100
100200583,10051673,10051882,100,100
100200608,10052393,10002023,100,100
100200580,10054796,10007146,100,100
100200578,10013271,10005836,60,60
100200585,10054791,10004533,100,100
100200587,10051882,10006266,100,100
100200588,10051576,10001243,100,100
100200591,10051060,10012119,100,100
100200597,10051891,10012117,100,100
100200594,10003982,10050824,100,100
100200603,10052393,10006279,100,100
100200619,10012213,10052304,100,100
100200635,10052221,10002230,100,100
100200634,10051582,10011469,100,100
100200556,10054788,10006731,100,100
100200636,10051511,10011467,100,100
100200605,10001916,10002223,100,100
100200638,10054807,10052221,100,100
100200618,10054805,10054761,100,100
100200622,10054805,10005716,100,100
100200586,10054791,10051882,100,100
100200590,10054799,10002223,100,100
100200598,10052073,10012117,100,100
100200614,10051482,10001243,100,100
100200600,10002738,10052073,100,100
100200601,10054802,10052073,100,100
100200596,10054730,10054796,100,100
100200604,10052393,10006263,100,100
100200626,10051582,10051511,100,100
100200606,10054803,10052393,100,100
100200607,10051564,10013079,100,100
100200620,10007652,10052342,100,100
100200624,10050995,10006276,100,100
100200625,10051582,10054784,100,100
100200627,10013172,10005716,76,76
100200610,10001613,10054801,76,76
100200639,10054807,10011776,100,100
100200641,10054808,10009121,100,100
100200595,10052073,10051617,100,100
100200599,10011322,10012117,100,100
100200655,10054817,10050065,90,100
100200602,10013172,10012117,60,60
100200612,10054803,10002023,100,100
100200611,10050392,10013079,100,100
100200621,10051582,10050995,100,100
100200623,10052304,10003879,100,100
100200629,10051582,10006281,100,100
100200631,10051582,10051899,100,100
100200637,10005223,10050793,60,60
100200648,10054774,10054805,100,100
100200643,10054811,10006421,100,100
100200645,10054766,10002269,100,100
100200640,10054807,10002230,100,100
100200642,10054693,10004122,100,100
100200210,10050164,10002021,100,100
100200650,10054815,10005688,100,100
100200651,10054816,10050032,100,100
100200652,10005392,10050065,60,100
100200654,10054817,10008705,82,100
100200657,10054734,10054703,60,60
100200656,10054817,10005392,85,100
100200653,10054817,10010937,67,100
100200658,10002546,10054794,100,100
100200659,10054822,10006237,60,60
100200660,10054822,10003655,60,60
100200661,10054822,10002244,60,60
100200663,10054825,10054822,60,60
100200662,10054825,10006137,100,60
100200664,10054825,10003655,60,60
100200665,10054825,10006134,100,100
100200666,10054825,10006731,80,60
100200667,10012120,10005504,100,100
100200668,10050585,10002772,100,81
100200669,10050585,10005504,80,60
100200670,10009754,10005504,60,60
100200672,10006492,10003549,100,60
100200671,10012951,10001021,100,100
100200673,10054827,10054828,60,60
100200674,10054825,10012890,60,60
100200675,10000712,10006472,95,95
100200680,10001827,10054830,100,100
100200682,10054829,10006472,94,94
100200684,10054829,10005483,100,100
100200679,10000772,10054830,100,100
100200683,10054829,10000712,100,100
100200685,10054829,10010858,100,100
100200689,10002902,10012122,100,100
100200676,10054830,10054829,100,100
100200677,10003058,10054830,100,100
100200678,10009981,10054830,100,100
100200681,10054830,10010972,90,90
100200686,10054832,10054829,90,90
100200687,10054832,10054830,90,90
100200688,10002902,10005504,100,100
100200693,10005740,10008942,100,100
100200696,10012363,10005740,100,100
100200691,10006621,10003648,100,100
100200710,10001518,10003913,91,91
100200697,10005361,10012363,76,76
100200713,10002791,10004625,60,60
100200692,10005291,10011623,50,75
100200695,10013001,10005740,100,100
100200714,10004625,10011774,100,100
100200694,10005740,10003725,100,100
100200701,10054844,10008059,100,100
100200705,10012776,10005740,60,100
100200709,10001831,10005740,100,100
100200698,10004307,10005740,100,100
100200699,10000752,10005740,100,100
100200700,10008059,10005740,100,100
100200702,10005740,10001956,100,100
100200707,10054846,10005740,100,100
100200703,10012272,10005740,100,100
100200704,10054845,10005740,100,100
100200708,10000112,10005740,100,100
100200706,10002162,10005740,100,100
100200711,10054830,10054843,100,100
100200712,10054847,10007461,100,100
100200716,10054848,10000621,100,100
100200719,10009307,10004625,100,100
100200715,10054848,10004625,100,100
100200717,10054848,10006784,100,100
100200720,10005781,10004625,100,100
100200721,10005781,10007541,100,100
100200732,10054852,10009672,100,100
100200722,10005006,10001993,18,18
100200723,10006266,10011325,60,60
100200724,10006581,10006012,77,77
100200725,10003315,10012020,100,100
100200726,10011102,10008309,90,90
100200727,10011102,10011103,100,100
100200042,10050032,10005658,100,100
100200729,10002157,10013290,100,100
100200730,10054851,10008308,100,100
100200731,10054851,10009672,90,90
100200734,10054852,10008309,100,100
100200735,10008308,10054852,100,100
100200737,10054853,10003274,60,60
100200736,10011476,10003372,100,100
100200738,10054853,10005904,100,100
100200739,10050164,10009592,100,100
100200740,10007256,10006553,56,56
100200260,10050190,10003048,100,100
100200743,10054855,10005084,100,100
100200744,10054855,10006241,100,100
100200745,10054856,10005084,100,100
100200746,10054857,10010605,100,100
100200747,10054857,10006266,100,100
100200749,10054857,10010603,60,100
100200750,10054858,10010603,60,100
100200742,10054854,10006241,60,100
100200752,10054859,10011676,100,100
100200759,10054865,10010249,100,100
100200753,10054861,10001189,100,100
100200754,10054861,10001332,100,100
100200755,10054862,10001332,100,100
100200756,10054864,10009844,100,100
100200772,10054872,10011681,100,100
100200757,10054864,10005032,100,100
100200760,10002823,10010255,60,60
100200741,10005084,10005083,60,100
100200748,10054857,10054794,100,100
100200751,10054859,10012720,100,100
100200758,10054865,10009248,100,100
100200761,10009547,10009549,100,100
100200766,10054863,10013276,100,100
100200762,10054866,10000311,100,100
100200770,10054870,10012119,100,100
100200764,10054861,10003500,71,71
100200765,10054863,10003500,76,76
100200768,10011091,10003508,86,86
100200763,10054866,10000316,100,100
100200769,10054869,10052359,100,100
100200771,10054872,10013271,100,100
100200773,10054874,10007298,100,100
100200774,10001332,10054874,100,100
100200775,10054861,10054874,100,100
100200776,10054874,10054862,100,100
100200777,10054875,10001332,100,100
100200778,10054875,10054874,100,100
100200779,10054875,10054862,100,100
100200780,10054875,10054861,100,100
100200781,10054876,10054874,100,100
100200782,10054877,10011670,100,100
100200783,10009860,10007966,60,60
100200784,10054878,10004692,100,100
100200787,10004783,10000444,100,100
100200785,10054878,10002021,100,100
100200786,10054878,10004783,100,100
100200788,10054879,10013231,100,100
100200789,10054881,10013231,60,60
100200790,10054881,10004783,60,60
100200791,10054880,10004783,100,100
100200792,10054882,10004783,100,100
100200793,10054880,10054881,100,100
100200794,10054880,10013231,60,60
100200795,10054880,10054882,100,100
100200796,10054881,10054882,100,100
100200797,10054882,10013231,100,100
100200802,10000815,10010543,60,60
100200803,10004092,10000815,100,100
100200799,10054873,10006959,100,100
100200800,10054873,10005504,82,82
100200798,10054873,10006611,60,100
100200801,10000815,10010424,100,100
100200807,10054885,10008762,60,84
100200804,10007364,10010670,60,60
100200805,10007364,10002721,96,96
100200806,10054885,10007364,60,60
100200767,10054868,10000323,98,98
100200818,10005739,10010431,91,91
100200808,10007364,10054886,100,100
100200809,10054887,10009112,91,91
100200810,10001419,10054887,79,79
100200811,10005491,10001275,100,100
100200813,10054888,10008812,60,84
100200814,10054888,10006459,73,73
100200815,10054888,10006895,89,89
100200816,10054888,10054889,100,100
100200817,10010973,10054888,60,60
100200819,10005841,10010431,60,67
100200820,10054891,10010431,60,60
100200821,10010431,10054888,82,82
100200822,10054892,10010431,60,75
100200823,10054892,10005491,86,86
100200825,10054893,10005491,76,76
100200826,10000716,10004726,60,60
100200827,10000716,10005616,100,100
100200828,10000716,10001668,60,60
100200829,10011245,10009885,100,100
100200830,10011245,10001668,100,100
100200831,10011245,10005616,60,60
100200832,10011245,10001254,60,60
100200840,10054900,10008812,73,73
100200841,10054900,10010431,71,71
100200834,10007859,10009112,90,90
100200835,10006142,10007859,60,60
100200836,10001419,10007859,82,82
100200842,10054901,10010431,77,77
100200843,10054902,10005491,100,100
100200837,10007859,10012466,60,60
100200838,10007859,10013084,47,47
100200839,10054898,10001419,87,87
100200844,10054902,10001275,100,100
100200845,10001275,10054901,60,60
100200846,10001275,10054893,60,60
100200847,10003179,10005491,60,60
100200848,10001275,10054890,70,70
100200850,10054903,10011774,100,100
100200851,10054903,10001275,60,60
100200849,10054890,10000400,60,60
100200852,10054903,10054900,100,100
100200853,10001275,10054900,60,79
100200854,10054900,10054901,83,83
100200855,10054904,10054900,77,77
100200856,10054904,10010431,80,80
100200857,10054904,10001275,80,80
100200858,10054905,10054900,77,77
100200859,10054905,10005491,88,88
100200860,10054900,10002867,75,75
100200861,10010344,10001275,60,60
100200862,10001275,10008451,74,74
100200863,10054904,10054901,60,60
100200864,10009828,10001275,60,60
100200865,10054906,10005491,100,100
100200812,10009828,10010431,60,60
100200866,10054907,10005491,100,100
100200867,10054908,10005491,60,100
100200868,10054908,10054907,100,100
100200869,10054909,10005491,60,100
100200870,10054893,10010431,92,92
100200871,10006590,10005491,100,100
100200872,10005491,10006462,60,80
100200873,10005491,10006459,82,82
100200874,10005491,10000257,88,88
100200875,10054918,10005491,77,81
100200876,10054919,10005491,100,100
100200883,10005491,10012482,60,60
100200877,10054919,10006459,60,60
100200878,10005773,10005491,60,60
100200879,10054921,10005491,60,60
100200880,10054922,10005491,77,77
100200881,10054926,10003179,99,100
100200884,10054930,10012844,100,100
100200885,10005491,10054911,60,100
100200886,10054911,10005867,100,100
100200888,10001275,10002446,95,95
100200887,10001275,10001418,69,69
100200889,10054923,10001275,60,60
100200890,10001275,10054926,84,84
100200891,10005491,10054926,60,96
100200892,10054897,10005491,93,93
100200893,10005491,10054896,88,88
100200894,10054894,10054896,75,75
100200895,10054894,10054895,100,100
100200896,10054897,10054894,74,74
100200903,10054896,10054897,78,78
100200897,10054894,10003179,81,97
100200898,10054893,10054895,60,60
100200904,10010862,10001275,60,96
100200899,10010344,10005491,100,100
100200882,10054927,10005491,60,60
100200900,10003179,10054893,60,60
100200901,10003179,10054902,78,78
100200902,10054893,10054896,60,60
100200905,10005491,10005161,87,87
100200906,10011743,10005491,60,60
100200907,10011743,10005739,73,73
100200908,10001864,10004125,100,100
100200909,10004775,10009262,90,90
100200910,10054893,10054927,80,80
100200912,10009683,10010299,60,60
100200913,10009683,10010708,51,51
100200914,10009683,10007171,50,50
100200915,10051383,10012892,50,50
100200916,10051383,10001442,100,100
100200917,10001442,10006170,100,100
100200918,10001442,10006152,50,50
100200919,10001442,10002977,100,100
100200920,10005350,10005880,50,50
100200921,10051427,10010708,50,50
100200922,10010708,10004224,50,50
100200923,10010708,10002977,100,100
100200924,10010708,10006152,50,50
100200925,10010708,10010299,100,100
100200926,10010708,10011821,50,50
100200927,10010708,10007171,100,100
100200928,10007171,10004224,100,100
100200911,10000944,10003801,60,60
100200929,10054685,10001885,100,100
100200933,10054833,10054838,100,100
100200936,10054951,10011817,100,100
100200931,10054833,10054836,60,100
100200932,10054833,10054837,100,100
100200934,10054833,10054839,100,100
100200935,10006529,10003066,100,100
100200937,10011754,10012346,75,75
100200938,10054950,10011090,100,100
100200939,10054950,10003743,100,100
100200940,10012346,10012347,83,85
100200941,10054949,10054833,100,100
100200942,10054955,10003069,100,100
100200950,10054957,10011817,100,100
100200952,10001223,10002759,100,100
100200960,10054960,10054955,100,100
100200690,10054833,10054835,100,100
100200930,10054833,10054834,100,100
100200943,10054955,10003066,100,100
100200944,10054840,10054833,100,100
100200945,10054833,10054841,100,100
100200953,10054956,10054958,100,100
100200955,10012346,10005741,67,67
100200959,10054961,10054951,100,100
100200946,10054833,10054842,100,100
100200947,10001223,10010606,100,100
100200948,10054955,10003068,100,100
100200949,10054952,10054954,74,75
100200961,10054960,10003066,100,100
100200951,10054957,10054951,100,100
100200954,10054956,10054959,85,91
100200962,10054963,10002342,100,100
100200956,10054960,10003912,100,100
100200957,10002342,10002343,100,100
100200958,10054958,10054959,100,100
100200963,10054960,10003069,100,100
100200964,10054963,10002343,100,100
100200965,10054965,10054955,100,100
100200966,10054965,10003066,100,100
100200967,10054965,10054960,100,100
100200969,10054965,10003069,100,100
100200970,10054965,10003912,100,100
100200971,10054966,10012423,100,100
100200972,10054968,10003069,100,100
100200973,10054967,10054969,60,60
100200975,10009050,10006442,70,70
100200976,10054970,10013045,100,100
100200974,10054963,10011681,60,60
100200977,10054971,10003066,100,100
100200978,10054972,10012117,80,80
100200979,10054972,10012492,100,100
100200980,10054972,10003366,70,70
100200981,10054972,10011475,76,76
100200982,10054972,10005505,100,100
